method,Yes (n),Non-missing (n),Yes (%),p_value,p_adj_bh,significant_0_05
OTHER,0,34,0,1.1641532182693502e-10,5.820766091346751e-10,Yes
STEWING_BOILING,6,34,17.6,1.9512558355927494e-4,4.8781395889818733e-4,Yes
FRYING,24,34,70.6,0.02430651010945447,0.04051085018242412,Yes
GRILLING,11,34,32.4,0.05761267291381966,0.07201584114227458,No
ROASTING,13,34,38.2,0.22948101302608837,0.22948101302608837,No
