term,OR,CI_low,CI_high,p
(Intercept),1.8884059754666622,0.6597567651556124,5.785300332047253,0.24592727736525472
Diet: 2,0.9999999999999977,0.31088966152760655,3.216575279751467,0.9999999999999969
Diet: 3,1.1988741019799867,0.36555877296484857,4.0068556210270145,0.763572916012556
Diet: 4,0.54182772593284,0.17519759597821724,1.6036356771190494,0.2735368006747278
Gender: MALE,0.8645457942099604,0.37320985335783474,1.986290534940214,0.7312367000983474
Age group: 26-30,3.548574091511163,1.3626922965383275,9.960635041869311,0.011767167254849624
Age group: 31-35,2.2977321236305803,0.8751203354774206,6.456124455326762,0.09960158251890161
