organ,shapiro_p,levene_p,chosen_model
Heart,0.9999965536498926,1.921092612370781e-119,ART
Intestines,0.998291862289474,3.244429843735383e-120,ART
kidneys,0.07552081439628741,5.9978586103091735e-121,ART
Liver,0.3739836146143477,4.300788822730522e-121,ART
Lungs,0.9991423207487693,1.2343074412646864e-123,ART
Spleen,0.775651574228396,8.023820454528519e-119,ART
